Symbol,Entry Date,Exit Date,Shares,Entry Price,Exit Price,Exit Reason,PnL %,PnL,Cash
META,2021-09-13,2021-09-17,75,376.51,363.27,STOP_LOSS,-3.52,-993.0,99007.0
QQQ,2021-09-13,2021-09-20,151,376.33,369.8,STOP_LOSS,-1.74,-986.03,98020.97
MSFT,2021-09-14,2021-09-20,129,299.79,292.21,STOP_LOSS,-2.53,-977.82,97043.15
AMZN,2021-09-15,2021-09-20,166,173.79,167.97,STOP_LOSS,-3.35,-966.12,96077.03
GOOGL,2021-09-15,2021-09-17,250,144.43,140.59,STOP_LOSS,-2.66,-960.0,95117.03
SPY,2021-09-15,2021-09-17,140,447.88,441.09,STOP_LOSS,-1.52,-950.6,94166.43
NVDA,2021-09-22,2021-09-28,804,21.94,20.77,STOP_LOSS,-5.35,-940.68,93225.75
MSFT,2021-09-22,2021-09-28,99,298.58,289.23,STOP_LOSS,-3.13,-925.65,92300.1
AMD,2021-09-27,2021-09-28,167,108.16,102.66,STOP_LOSS,-5.09,-918.5,91381.6
GOOGL,2021-10-14,2022-01-10,148,141.15,134.99,STOP_LOSS,-4.36,-911.68,90469.92
AAPL,2021-10-28,2021-10-29,194,152.57,147.91,STOP_LOSS,-3.06,-904.04,89565.88
SPY,2021-10-29,2021-12-01,117,459.25,451.63,STOP_LOSS,-1.66,-891.54,88674.34
TSLA,2021-11-02,2021-11-09,27,390.67,358.18,STOP_LOSS,-8.31,-877.23,87797.11
QQQ,2021-11-05,2021-11-10,103,398.6,390.09,STOP_LOSS,-2.14,-876.53,86920.58
AMZN,2021-11-05,2021-12-03,104,175.95,167.62,STOP_LOSS,-4.73,-866.32,86054.26
AMD,2021-11-10,2022-01-10,62,139.87,126.13,STOP_LOSS,-9.82,-851.88,85202.38
TSLA,2021-11-10,2021-12-16,17,355.98,307.84,STOP_LOSS,-13.52,-818.38,84384.0
QQQ,2021-11-18,2021-11-23,96,401.75,393.0,STOP_LOSS,-2.18,-840.0,83544.0
MSFT,2021-11-22,2021-11-26,83,339.83,329.88,STOP_LOSS,-2.93,-825.85,82718.15
NVDA,2021-11-23,2021-12-14,209,31.75,27.8,STOP_LOSS,-12.43,-825.55,81892.6
QQQ,2021-11-24,2021-12-01,80,398.76,388.6,STOP_LOSS,-2.55,-812.8,81079.8
MSFT,2021-11-29,2021-12-03,70,336.63,325.14,STOP_LOSS,-3.41,-804.3,80275.5
QQQ,2021-12-07,2021-12-20,47,397.83,380.97,STOP_LOSS,-4.24,-792.42,79483.08
SPY,2021-12-07,2021-12-20,53,468.28,453.45,STOP_LOSS,-3.17,-785.99,78697.09
MSFT,2021-12-07,2021-12-17,50,334.92,319.2,STOP_LOSS,-4.69,-786.0,77911.09
AAPL,2021-12-09,2022-01-20,79,174.56,164.73,STOP_LOSS,-5.63,-776.57,77134.52
NVDA,2021-12-15,2022-01-10,210,30.46,26.79,STOP_LOSS,-12.06,-770.7,76363.82
TSLA,2021-12-22,2022-01-24,20,336.29,298.12,STOP_LOSS,-11.35,-763.4,75600.42
MSFT,2022-01-03,2022-01-05,50,334.75,319.75,STOP_LOSS,-4.48,-750.0,74850.42
QQQ,2022-01-04,2022-01-06,53,396.47,382.56,STOP_LOSS,-3.51,-737.23,74113.19
AAPL,2022-01-28,2022-02-23,70,170.33,159.81,STOP_LOSS,-6.17,-736.4,73376.79
TSLA,2022-03-28,2022-04-11,22,363.95,331.37,STOP_LOSS,-8.95,-716.76,72660.03
GOOGL,2022-03-29,2022-04-06,107,142.51,135.78,STOP_LOSS,-4.72,-720.11,71939.92
AAPL,2022-03-29,2022-04-06,81,178.96,170.15,STOP_LOSS,-4.92,-713.61,71226.31
SPY,2022-03-31,2022-04-12,50,451.64,437.53,STOP_LOSS,-3.12,-705.5,70520.81
TSLA,2022-04-21,2022-04-26,19,336.26,299.65,STOP_LOSS,-10.89,-695.59,69825.22
TSLA,2022-07-29,2022-08-31,28,297.15,272.25,STOP_LOSS,-8.38,-697.2,69128.02
AMZN,2022-08-01,2022-09-01,60,135.39,124.05,STOP_LOSS,-8.38,-680.4,68447.62
AMD,2022-08-04,2022-08-09,76,103.91,94.91,STOP_LOSS,-8.66,-684.0,67763.62
NVDA,2022-08-08,2022-08-29,400,17.79,16.1,STOP_LOSS,-9.53,-676.0,67087.62
SPY,2022-08-10,2022-08-26,53,419.99,407.52,STOP_LOSS,-2.97,-660.91,66426.71
AAPL,2022-08-17,2022-08-22,95,174.55,167.59,STOP_LOSS,-3.99,-661.2,65765.51
QQQ,2022-08-19,2022-08-26,52,322.86,310.36,STOP_LOSS,-3.87,-650.0,65115.51
AMZN,2022-09-09,2022-09-16,77,133.27,124.89,STOP_LOSS,-6.29,-645.26,64470.25
AAPL,2022-09-12,2022-09-13,81,163.43,155.48,STOP_LOSS,-4.86,-643.95,63826.3
TSLA,2022-09-13,2022-09-26,29,292.13,270.36,STOP_LOSS,-7.45,-631.33,63194.97
NVDA,2022-11-11,2022-12-27,380,16.33,14.67,STOP_LOSS,-10.14,-630.8,62564.17
SPY,2022-11-18,2022-12-19,39,396.03,380.27,STOP_LOSS,-3.98,-614.64,61949.53
QQQ,2022-11-30,2022-12-07,45,293.36,279.89,STOP_LOSS,-4.59,-606.15,61343.38
AMD,2022-11-30,2022-12-06,80,77.63,69.97,STOP_LOSS,-9.86,-612.8,60730.58
MSFT,2022-12-12,2022-12-19,50,252.51,240.39,STOP_LOSS,-4.8,-606.0,60124.58
AMD,2022-12-13,2022-12-16,101,71.65,65.73,STOP_LOSS,-8.27,-597.92,59526.66
QQQ,2022-12-13,2022-12-15,51,288.65,276.99,STOP_LOSS,-4.04,-594.66,58932.0
GOOGL,2023-01-27,2023-02-09,103,99.37,93.67,STOP_LOSS,-5.74,-587.1,58344.9
AMZN,2023-02-01,2023-02-07,82,105.15,98.09,STOP_LOSS,-6.71,-578.92,57765.98
MSFT,2023-02-02,2023-02-22,42,264.6,251.16,STOP_LOSS,-5.08,-564.48,57201.5
SPY,2023-02-03,2023-02-21,45,412.35,399.9,STOP_LOSS,-3.02,-560.25,56641.25
QQQ,2023-02-03,2023-02-22,41,306.18,292.69,STOP_LOSS,-4.41,-553.09,56088.16
META,2023-02-03,2023-02-17,34,186.53,170.33,STOP_LOSS,-8.68,-550.8,55537.36
TSLA,2023-02-09,2023-03-08,22,207.32,183.03,STOP_LOSS,-11.72,-534.38,55002.98
SPY,2023-03-03,2023-03-09,50,404.19,393.33,STOP_LOSS,-2.69,-543.0,54459.98
QQQ,2023-03-03,2023-03-10,50,299.68,288.86,STOP_LOSS,-3.61,-541.0,53918.98
AMD,2023-03-16,2023-04-17,68,96.6,88.7,STOP_LOSS,-8.18,-537.2,53381.78
TSLA,2023-03-31,2023-04-04,31,207.46,190.42,STOP_LOSS,-8.21,-528.24,52853.54
AMD,2023-05-02,2023-05-03,96,89.91,84.41,STOP_LOSS,-6.12,-528.0,52325.54
AMD,2023-05-31,2023-06-23,48,118.21,107.48,STOP_LOSS,-9.07,-515.04,51810.5
QQQ,2023-06-16,2023-08-18,48,367.93,357.34,STOP_LOSS,-2.88,-508.32,51302.18
MSFT,2023-06-16,2023-07-10,36,342.33,328.32,STOP_LOSS,-4.09,-504.36,50797.82
TSLA,2023-06-21,2023-08-14,22,259.46,237.11,STOP_LOSS,-8.61,-491.7,50306.12
AAPL,2023-07-10,2023-08-04,92,188.61,183.16,STOP_LOSS,-2.89,-501.4,49804.72
AMD,2023-07-14,2023-08-02,65,115.94,108.28,STOP_LOSS,-6.61,-497.9,49306.82
NVDA,2023-07-14,2023-08-09,166,45.47,42.5,STOP_LOSS,-6.53,-493.02,48813.8
AMZN,2023-07-18,2023-07-26,89,132.83,127.38,STOP_LOSS,-4.1,-485.05,48328.75
MSFT,2023-07-19,2023-07-26,29,355.08,338.78,STOP_LOSS,-4.59,-472.7,47856.05
META,2023-07-26,2023-08-18,26,298.57,280.28,STOP_LOSS,-6.13,-475.54,47380.51
SPY,2023-07-26,2023-08-03,69,455.51,448.73,STOP_LOSS,-1.49,-467.82,46912.69
GOOGL,2023-07-27,2023-10-26,62,129.4,121.89,STOP_LOSS,-5.8,-465.62,46447.07
AMZN,2023-08-04,2023-08-18,55,139.57,131.19,STOP_LOSS,-6.01,-460.9,45986.17
AMD,2023-08-04,2023-08-14,46,115.82,105.94,STOP_LOSS,-8.53,-454.48,45531.69
NVDA,2023-08-21,2023-09-18,117,46.97,43.09,STOP_LOSS,-8.24,-453.96,45077.73
SPY,2023-08-29,2023-09-20,42,449.16,438.62,STOP_LOSS,-2.35,-442.68,44635.05
QQQ,2023-08-29,2023-09-21,36,374.77,362.47,STOP_LOSS,-3.28,-442.8,44192.25
META,2023-08-29,2023-10-26,24,297.99,280.02,STOP_LOSS,-6.03,-431.28,43760.97
AMZN,2023-08-31,2023-09-21,76,138.01,132.29,STOP_LOSS,-4.15,-434.72,43326.25
TSLA,2023-09-01,2023-10-19,20,245.01,223.52,STOP_LOSS,-8.77,-429.8,42896.45
MSFT,2023-09-14,2023-09-18,41,338.7,328.26,STOP_LOSS,-3.08,-428.04,42468.41
NVDA,2023-10-06,2023-10-17,162,45.76,43.14,STOP_LOSS,-5.73,-424.44,42043.97
GOOGL,2023-11-17,2023-12-04,87,135.31,130.51,STOP_LOSS,-3.55,-417.6,41626.37
META,2023-11-29,2023-12-04,30,332.2,318.36,STOP_LOSS,-4.17,-415.2,41211.17
GOOGL,2023-12-07,2023-12-14,64,136.93,130.55,STOP_LOSS,-4.66,-408.32,40802.85
TSLA,2023-12-13,2024-01-12,24,239.29,222.64,STOP_LOSS,-6.96,-399.6,40403.25
AAPL,2023-12-15,2023-12-27,68,197.57,191.7,STOP_LOSS,-2.97,-399.16,40004.09
AAPL,2024-01-18,2024-02-02,55,188.63,181.38,STOP_LOSS,-3.84,-398.75,39605.34
GOOGL,2024-01-26,2024-01-31,69,152.19,146.51,STOP_LOSS,-3.73,-391.92,39213.42
SPY,2024-03-05,2024-04-19,44,507.18,498.27,STOP_LOSS,-1.76,-392.04,38821.38
AMD,2024-03-05,2024-03-14,22,205.13,187.89,STOP_LOSS,-8.41,-379.28,38442.1
NVDA,2024-03-11,2024-04-19,43,85.77,76.87,STOP_LOSS,-10.39,-382.7,38059.4
META,2024-03-11,2024-04-25,13,483.59,455.4,STOP_LOSS,-5.83,-366.47,37692.93
QQQ,2024-03-12,2024-04-15,30,443.66,431.17,STOP_LOSS,-2.81,-374.7,37318.23
MSFT,2024-03-15,2024-04-19,23,416.42,400.78,STOP_LOSS,-3.76,-359.72,36958.51
AMZN,2024-04-08,2024-04-19,55,185.19,178.59,STOP_LOSS,-3.56,-363.0,36595.51
MSFT,2024-05-15,2024-05-31,23,423.08,407.69,STOP_LOSS,-3.64,-353.97,36241.54
NVDA,2024-06-06,2024-07-25,35,121.0,110.76,STOP_LOSS,-8.46,-358.4,35883.14
MSFT,2024-06-12,2024-07-25,24,441.06,426.16,STOP_LOSS,-3.38,-357.6,35525.54
QQQ,2024-06-17,2024-07-24,30,485.06,473.34,STOP_LOSS,-2.42,-351.6,35173.94
GOOGL,2024-06-28,2024-07-24,53,182.15,175.56,STOP_LOSS,-3.62,-349.27,34824.67
AMZN,2024-06-28,2024-07-18,40,193.25,184.64,STOP_LOSS,-4.45,-344.4,34480.27
TSLA,2024-07-03,2024-07-24,17,246.39,226.58,STOP_LOSS,-8.04,-336.77,34143.5
META,2024-07-08,2024-07-12,12,529.32,502.64,STOP_LOSS,-5.04,-320.16,33823.34
AMD,2024-07-08,2024-07-17,26,178.69,165.86,STOP_LOSS,-7.18,-333.58,33489.76
SPY,2024-07-17,2024-07-24,35,556.94,547.5,STOP_LOSS,-1.7,-330.4,33159.36
AMZN,2024-07-31,2024-08-02,31,186.98,176.49,STOP_LOSS,-5.61,-325.19,32834.17
SPY,2024-07-31,2024-08-02,21,550.81,535.64,STOP_LOSS,-2.75,-318.57,32515.6
NVDA,2024-08-22,2024-09-03,24,123.74,110.34,STOP_LOSS,-10.83,-321.6,32194.0
AAPL,2024-08-29,2024-09-03,43,229.79,222.31,STOP_LOSS,-3.26,-321.64,31872.36
QQQ,2024-08-29,2024-09-06,20,470.66,455.12,STOP_LOSS,-3.3,-310.8,31561.56
SPY,2024-08-30,2024-09-03,25,563.68,551.15,STOP_LOSS,-2.22,-313.25,31248.31
MSFT,2024-09-20,2024-10-02,18,435.27,418.18,STOP_LOSS,-3.93,-307.62,30940.69
AMD,2024-09-25,2024-10-23,29,162.02,151.44,STOP_LOSS,-6.53,-306.82,30633.87
TSLA,2024-09-30,2024-10-02,17,261.63,243.79,STOP_LOSS,-6.82,-303.28,30330.59
META,2024-10-04,2024-10-21,12,595.94,570.9,STOP_LOSS,-4.2,-300.48,30030.11
TSLA,2024-10-04,2024-10-11,14,250.08,229.12,STOP_LOSS,-8.38,-293.44,29736.67
NVDA,2024-10-23,2024-12-17,31,139.56,130.24,STOP_LOSS,-6.68,-288.92,29447.75
TSLA,2024-10-24,2024-11-04,13,260.48,239.36,STOP_LOSS,-8.11,-274.56,29173.19
META,2024-10-28,2024-11-06,13,578.16,556.16,STOP_LOSS,-3.81,-286.0,28887.19
AMD,2024-10-28,2024-10-30,28,159.92,149.92,STOP_LOSS,-6.25,-280.0,28607.19
MSFT,2024-10-29,2024-10-31,21,431.95,418.75,STOP_LOSS,-3.05,-277.2,28329.99
META,2024-11-07,2024-11-15,9,591.7,562.05,STOP_LOSS,-5.01,-266.85,28063.14
QQQ,2024-11-07,2024-11-15,18,513.54,498.72,STOP_LOSS,-2.89,-266.76,27796.38
AMZN,2024-11-07,2024-11-19,26,210.05,199.4,STOP_LOSS,-5.07,-276.9,27519.48
SPY,2024-11-12,2024-11-15,22,596.9,584.75,STOP_LOSS,-2.04,-267.3,27252.18
SPY,2024-11-19,2025-01-13,20,590.3,577.01,STOP_LOSS,-2.25,-265.8,26986.38
MSFT,2024-12-04,2024-12-31,16,437.42,421.48,STOP_LOSS,-3.64,-255.04,26731.34
TSLA,2024-12-11,2025-01-02,7,424.77,390.28,STOP_LOSS,-8.12,-241.43,26489.91
GOOGL,2024-12-12,2025-02-07,32,191.96,183.71,STOP_LOSS,-4.3,-264.0,26225.91
AAPL,2024-12-16,2025-01-02,39,251.04,244.4,STOP_LOSS,-2.64,-258.96,25966.95
QQQ,2024-12-17,2024-12-18,22,535.8,524.14,STOP_LOSS,-2.18,-256.52,25710.43
QQQ,2024-12-23,2025-01-02,16,522.87,506.96,STOP_LOSS,-3.04,-254.56,25455.87
NVDA,2025-01-02,2025-01-27,24,138.31,128.02,STOP_LOSS,-7.44,-246.96,25208.91
QQQ,2025-01-06,2025-01-10,12,524.54,505.0,STOP_LOSS,-3.73,-234.48,24974.43
QQQ,2025-01-15,2025-02-28,13,516.7,498.0,STOP_LOSS,-3.62,-243.1,24731.33
TSLA,2025-01-17,2025-02-03,4,426.5,376.68,STOP_LOSS,-11.68,-199.28,24532.05
MSFT,2025-01-22,2025-01-27,13,446.2,428.21,STOP_LOSS,-4.03,-233.87,24298.18
META,2025-01-27,2025-03-07,5,659.88,617.91,STOP_LOSS,-6.36,-209.85,24088.33
SPY,2025-01-27,2025-02-27,16,599.37,584.69,STOP_LOSS,-2.45,-234.88,23853.45
MSFT,2025-01-28,2025-01-30,11,447.2,427.15,STOP_LOSS,-4.48,-220.55,23632.9
AMZN,2025-01-31,2025-02-18,21,237.68,226.86,STOP_LOSS,-4.55,-227.22,23405.68
AAPL,2025-02-21,2025-02-28,22,245.55,235.24,STOP_LOSS,-4.2,-226.82,23178.86
AAPL,2025-03-07,2025-03-10,20,239.07,227.81,STOP_LOSS,-4.71,-225.2,22953.66
TSLA,2025-05-13,2025-06-05,6,334.07,301.15,STOP_LOSS,-9.85,-197.52,22756.14
META,2025-06-27,2025-07-16,7,733.63,704.91,STOP_LOSS,-3.91,-201.04,22555.1
AMD,2025-07-28,2025-08-06,18,173.66,161.54,STOP_LOSS,-6.98,-218.16,22336.94
GOOGL,2025-07-29,2025-08-01,28,195.75,187.89,STOP_LOSS,-4.01,-220.08,22116.86
AAPL,2025-07-29,2025-08-01,37,211.27,205.44,STOP_LOSS,-2.76,-215.71,21901.15
META,2025-07-31,2025-08-20,5,773.44,735.92,STOP_LOSS,-4.85,-187.6,21713.55
AMZN,2025-07-31,2025-08-01,31,234.11,227.21,STOP_LOSS,-2.95,-213.9,21499.65
NVDA,2025-08-01,2025-09-05,24,173.72,164.82,STOP_LOSS,-5.12,-213.6,21286.05
MSFT,2025-08-01,2025-08-20,11,524.11,504.94,STOP_LOSS,-3.66,-210.87,21075.18
AMD,2025-08-07,2025-09-02,13,172.4,156.63,STOP_LOSS,-9.15,-205.01,20870.17
AMZN,2025-08-14,2025-09-25,17,230.98,219.06,STOP_LOSS,-5.16,-202.64,20667.53
QQQ,2025-08-14,2025-08-20,14,579.89,565.91,STOP_LOSS,-2.41,-195.72,20471.81
AAPL,2025-09-03,2025-09-10,24,238.47,230.13,STOP_LOSS,-3.5,-200.16,20271.65
META,2025-09-08,2025-10-01,6,752.3,722.96,STOP_LOSS,-3.9,-176.04,20095.61
TSLA,2025-09-16,2025-11-14,6,421.62,391.98,STOP_LOSS,-7.03,-177.84,19917.77
QQQ,2025-09-22,2025-09-25,18,602.2,591.2,STOP_LOSS,-1.83,-198.0,19719.77
QQQ,2025-10-07,2025-10-10,16,604.51,592.49,STOP_LOSS,-1.99,-192.32,19527.45
SPY,2025-10-29,2025-11-06,10,687.39,669.28,STOP_LOSS,-2.63,-181.1,19346.35
QQQ,2025-10-29,2025-11-06,9,635.77,614.87,STOP_LOSS,-3.29,-188.1,19158.25
MSFT,2025-10-29,2025-10-30,10,541.55,523.82,STOP_LOSS,-3.27,-177.3,18980.95
NVDA,2025-10-29,2025-11-06,14,207.04,193.49,STOP_LOSS,-6.54,-189.7,18791.25
AAPL,2025-10-30,2026-01-07,18,271.4,261.15,STOP_LOSS,-3.78,-184.5,18606.75
AMZN,2025-10-31,2025-11-17,13,244.22,230.58,STOP_LOSS,-5.58,-177.32,18429.43
AMD,2025-11-05,2025-11-07,8,256.33,234.72,STOP_LOSS,-8.43,-172.88,18256.55
NVDA,2025-11-10,2025-11-14,11,199.05,182.79,STOP_LOSS,-8.17,-178.86,18077.69
AMD,2025-11-12,2025-11-18,6,258.89,231.47,STOP_LOSS,-10.59,-164.52,17913.17
GOOGL,2025-11-25,2025-12-17,7,323.44,299.17,STOP_LOSS,-7.5,-169.89,17743.28
AMZN,2025-12-02,2025-12-15,14,234.42,221.78,STOP_LOSS,-5.39,-176.96,17566.32
TSLA,2025-12-03,2026-02-04,4,446.74,407.56,STOP_LOSS,-8.77,-156.72,17409.6
SPY,2025-12-10,2025-12-17,11,687.57,672.04,STOP_LOSS,-2.26,-170.83,17238.77
QQQ,2025-12-19,2026-02-05,10,617.05,600.11,STOP_LOSS,-2.75,-169.4,17069.37
SPY,2025-12-19,2026-03-09,13,680.59,668.28,STOP_LOSS,-1.81,-160.03,16909.34
AMD,2026-01-02,2026-01-07,10,223.47,208.07,STOP_LOSS,-6.89,-154.0,16755.34
AMZN,2026-01-05,2026-02-05,19,233.06,224.43,STOP_LOSS,-3.7,-163.97,16591.37
NVDA,2026-01-05,2026-01-20,16,188.12,178.34,STOP_LOSS,-5.2,-156.48,16434.89
GOOGL,2026-01-16,2026-02-05,11,330.0,315.64,STOP_LOSS,-4.35,-157.96,16276.93
NVDA,2026-01-29,2026-02-03,16,192.51,182.56,STOP_LOSS,-5.17,-159.2,16117.73
META,2026-01-30,2026-02-04,3,716.5,671.58,STOP_LOSS,-6.27,-134.76,15982.97
AMD,2026-01-30,2026-02-04,6,236.73,211.74,STOP_LOSS,-10.56,-149.94,15833.03
NVDA,2026-02-12,2026-03-20,11,186.94,173.34,STOP_LOSS,-7.28,-149.6,15683.43
META,2026-04-29,2026-04-30,4,669.12,637.5,STOP_LOSS,-4.73,-126.48,15556.95
MSFT,2026-04-29,2026-04-30,6,424.46,402.1,STOP_LOSS,-5.27,-134.16,15422.79
GOOGL,2026-05-01,2026-06-02,7,385.69,365.92,STOP_LOSS,-5.13,-138.39,15284.4
AMD,2026-05-08,2026-05-19,2,455.19,401.43,STOP_LOSS,-11.81,-107.52,15176.88
AAPL,2026-05-08,2026-06-25,10,293.32,279.47,STOP_LOSS,-4.72,-138.5,15038.38
TSLA,2026-05-11,2026-05-18,4,445.0,414.03,STOP_LOSS,-6.96,-123.88,14914.5
NVDA,2026-05-12,2026-06-05,9,220.78,204.63,STOP_LOSS,-7.32,-145.35,14769.15
SPY,2026-05-15,2026-06-09,10,739.17,724.76,STOP_LOSS,-1.95,-144.1,14625.05
MSFT,2026-05-15,2026-06-09,6,421.92,399.1,STOP_LOSS,-5.41,-136.92,14488.13
AMZN,2026-05-29,2026-06-02,11,270.64,257.79,STOP_LOSS,-4.75,-141.35,14346.78
QQQ,2026-06-03,2026-06-05,7,744.21,724.4,STOP_LOSS,-2.66,-138.67,14208.11
SPY,2026-06-12,2026-06-26,7,741.75,722.77,STOP_LOSS,-2.56,-132.86,14075.25
NVDA,2026-06-18,2026-06-25,8,210.69,193.7,STOP_LOSS,-8.06,-135.92,13939.33
